k,home_adv,regress,scale,mov_cap,log_loss,brier
10.0,60.0,0.5,400.0,3.0,0.6553682627300272,0.23052273981572124
10.0,70.0,0.5,400.0,3.0,0.6557429154043544,0.23073021593779047
10.0,50.0,0.5,400.0,3.0,0.6558158716879537,0.23070186296784417
13.0,60.0,0.5,400.0,3.0,0.6559932712858803,0.23079010467870864
10.0,60.0,0.4,400.0,3.0,0.6560573078481144,0.23085600994628735
10.0,60.0,0.5,400.0,2.5,0.6561670620971464,0.23091074902409825
13.0,70.0,0.5,400.0,3.0,0.6563280963982954,0.23094536450995126
13.0,60.0,0.5,400.0,2.5,0.6563659285490169,0.23100566710834222
10.0,70.0,0.4,400.0,3.0,0.6564141273696472,0.2310433157483554
13.0,50.0,0.5,400.0,3.0,0.6564887747285243,0.23101572319954766
10.0,50.0,0.4,400.0,3.0,0.6565209306261711,0.23104978527518466
10.0,70.0,0.5,400.0,2.5,0.6565697392906599,0.23114035949055226
10.0,50.0,0.5,400.0,2.5,0.65658267684633,0.2310685923149018
10.0,60.0,0.4,400.0,2.5,0.6566258242769925,0.2311435689671713
13.0,60.0,0.5,400.0,2.0,0.6566804324251924,0.23117200520125264
13.0,70.0,0.5,400.0,2.5,0.6567348245181192,0.2311905816628167
13.0,50.0,0.5,400.0,2.5,0.6568221928039785,0.23120294585633203
10.0,60.0,0.33,400.0,3.0,0.656850694483612,0.2312246732758307
10.0,80.0,0.5,400.0,3.0,0.6569325294418047,0.23131269357884293
10.0,70.0,0.4,400.0,2.5,0.6570099605913229,0.23135360745515998
10.0,50.0,0.4,400.0,2.5,0.6570584490122093,0.23131600550851472
13.0,70.0,0.5,400.0,2.0,0.6570856063181443,0.23139323714697208
13.0,50.0,0.5,400.0,2.0,0.6570942519079367,0.23133579204950686
16.0,60.0,0.5,400.0,2.0,0.6571537384111602,0.23139160707270887
13.0,60.0,0.4,400.0,3.0,0.6571913349553901,0.23133486538466674
10.0,70.0,0.33,400.0,3.0,0.6571956794422159,0.23139611468530197
10.0,60.0,0.5,400.0,2.0,0.6572146798924849,0.2313952313591717
10.0,60.0,0.33,400.0,2.5,0.6572449460454509,0.2314389515802243
13.0,60.0,0.4,400.0,2.0,0.6572885168570911,0.2314692973842172
10.0,50.0,0.33,400.0,3.0,0.6573257734096932,0.23143015264509853
13.0,60.0,0.4,400.0,2.5,0.6573341746015459,0.23145608072865848
10.0,60.0,0.4,400.0,2.0,0.6573441736620531,0.23148022604103358
13.0,80.0,0.5,400.0,3.0,0.6574836569466223,0.23146930205010524
13.0,70.0,0.4,400.0,3.0,0.6575102149526154,0.23147025085804485
16.0,70.0,0.5,400.0,2.0,0.6575340275699996,0.231576027926141
10.0,80.0,0.4,400.0,3.0,0.6575832748758591,0.23159995514415857
16.0,50.0,0.5,400.0,2.0,0.6575970531875759,0.23158714913026363
10.0,50.0,0.5,400.0,2.0,0.6575983321583494,0.23153031707749308
10.0,70.0,0.33,400.0,2.5,0.6576163116629066,0.23163315844646748
16.0,60.0,0.5,400.0,2.5,0.6576305435904064,0.23154979404604967
10.0,70.0,0.5,400.0,2.0,0.6576455521308706,0.23164990977958427
13.0,70.0,0.4,400.0,2.0,0.6576757548261767,0.2316708116065857
13.0,70.0,0.4,400.0,2.5,0.6576862847508508,0.23162109161841668
10.0,50.0,0.33,400.0,2.5,0.6576889966809485,0.2316228377805646
10.0,60.0,0.33,400.0,2.0,0.657698294769156,0.23166046293737302
13.0,50.0,0.4,400.0,3.0,0.6577008756089935,0.23157434394062057
16.0,60.0,0.5,400.0,3.0,0.6577125532643772,0.23150683179759374
13.0,50.0,0.4,400.0,2.0,0.6577184004962596,0.23164751790995455
10.0,50.0,0.4,400.0,2.0,0.6577445584009497,0.23162892700369228
10.0,70.0,0.4,400.0,2.0,0.6577564266807058,0.23171671312732642
10.0,80.0,0.5,400.0,2.5,0.6577817897423728,0.23174503737659669
13.0,50.0,0.4,400.0,2.5,0.6578051686823045,0.23166739878061396
13.0,80.0,0.5,400.0,2.5,0.6579190497408585,0.2317452119990503
16.0,70.0,0.5,400.0,2.5,0.6579682084098628,0.23168793798853798
16.0,70.0,0.5,400.0,3.0,0.6580097421914983,0.23160816348445654
13.0,60.0,0.33,400.0,2.0,0.6580151470954064,0.23180904255064136
10.0,70.0,0.33,400.0,2.0,0.6580968871536953,0.23188157737048673
10.0,50.0,0.33,400.0,2.0,0.6581102826296478,0.23182025026896882
16.0,50.0,0.5,400.0,2.5,0.6581252394277672,0.23178852787793433
10.0,60.0,0.25,400.0,3.0,0.6581349082138884,0.23180402761092025
16.0,60.0,0.4,400.0,2.0,0.6581623490632855,0.23185714090956877
10.0,80.0,0.4,400.0,2.5,0.6582010596524772,0.23193344877180505
16.0,50.0,0.5,400.0,3.0,0.6582545762346522,0.23178112700694994
13.0,80.0,0.5,400.0,2.0,0.6582999787560854,0.23198686068711624
10.0,60.0,0.25,400.0,2.5,0.6583250103491505,0.23193617351831625
13.0,60.0,0.33,400.0,2.5,0.6583395937224367,0.23190958087466712
10.0,80.0,0.33,400.0,3.0,0.6583517688195155,0.23193250099534102
13.0,60.0,0.33,400.0,3.0,0.6583651512081973,0.2318542894204943
13.0,70.0,0.33,400.0,2.0,0.6583899910872494,0.23199472468366228
10.0,60.0,0.25,400.0,2.0,0.6584493611991843,0.23202012020168508
13.0,50.0,0.33,400.0,2.0,0.6584561809701887,0.23199873791635195
10.0,70.0,0.25,400.0,3.0,0.6584683347980279,0.23195604303309722
16.0,70.0,0.4,400.0,2.0,0.658526482077526,0.2320218686664316
16.0,50.0,0.4,400.0,2.0,0.6586200731921138,0.23206673494007538
10.0,50.0,0.25,400.0,3.0,0.6586220146368768,0.2320237837941613
13.0,80.0,0.4,400.0,3.0,0.658648779412386,0.23196875756251442
13.0,70.0,0.33,400.0,3.0,0.658674382490229,0.2319747352413
13.0,70.0,0.33,400.0,2.5,0.6586803688312284,0.23205907027417616
10.0,70.0,0.25,400.0,2.5,0.658682274492018,0.232110094602629
16.0,80.0,0.5,400.0,2.0,0.658727172813609,0.2321276245162529
10.0,50.0,0.25,400.0,2.5,0.6587813361328285,0.23213440485026762
10.0,80.0,0.33,400.0,2.5,0.6587931450173792,0.23219289085610173
13.0,50.0,0.33,400.0,2.5,0.6588205709555619,0.23213169897884042
10.0,70.0,0.25,400.0,2.0,0.658833771087107,0.23222153953665828
20.0,60.0,0.5,400.0,2.0,0.6588450506228052,0.23212438952552233
13.0,80.0,0.4,400.0,2.5,0.6588513498035004,0.23214999405853384
13.0,80.0,0.4,400.0,2.0,0.6588701716560479,0.23223954124347215
10.0,50.0,0.25,400.0,2.0,0.6588740078328501,0.23219422398442077
10.0,80.0,0.5,400.0,2.0,0.6588829463544666,0.23228230661373628
13.0,50.0,0.33,400.0,3.0,0.658885194652178,0.23210478735637213
10.0,80.0,0.4,400.0,2.0,0.658973017671054,0.23232637000116615
16.0,60.0,0.4,400.0,2.5,0.6590036021146288,0.23216214126699836
16.0,80.0,0.5,400.0,2.5,0.6591257196889838,0.23218975870422182
16.0,80.0,0.5,400.0,3.0,0.6591369595145863,0.23207341207606144
16.0,60.0,0.33,400.0,2.0,0.6591913386599676,0.23231840815875496
20.0,70.0,0.5,400.0,2.0,0.6591934120062082,0.2322574643166732
13.0,60.0,0.25,400.0,2.0,0.65921375890777,0.23235247385823873
10.0,80.0,0.33,400.0,2.0,0.659298513875815,0.23247204366934812
16.0,60.0,0.4,400.0,3.0,0.6593020894574523,0.2322022238431103
16.0,70.0,0.4,400.0,2.5,0.659326608877758,0.2322813750840427
20.0,50.0,0.5,400.0,2.0,0.6593277409325674,0.2323650611664086
16.0,50.0,0.4,400.0,2.5,0.6595111800304388,0.2324137955006465
16.0,70.0,0.33,400.0,2.0,0.6595448341532663,0.23246780940919534
13.0,80.0,0.33,400.0,2.0,0.6595711274221008,0.2325435707066199
13.0,70.0,0.25,400.0,2.0,0.6595756747892301,0.2325183547207968
16.0,70.0,0.4,400.0,3.0,0.6595865810295188,0.23228550703094084
10.0,80.0,0.25,400.0,3.0,0.6596106183396871,0.2324668081970447
16.0,50.0,0.33,400.0,2.0,0.6596588489273258,0.23253887692034517
13.0,50.0,0.25,400.0,2.0,0.6596666516485984,0.2325563565644631
16.0,80.0,0.4,400.0,2.0,0.6597023782777122,0.23254861392448473
13.0,80.0,0.33,400.0,3.0,0.6598025472102981,0.23245383838200884
13.0,80.0,0.33,400.0,2.5,0.6598336340654363,0.23256820374441659
10.0,80.0,0.25,400.0,2.5,0.659844944600006,0.2326445169101304
16.0,50.0,0.4,400.0,3.0,0.6598568580789747,0.23248923539646288
13.0,60.0,0.25,400.0,2.5,0.6598732521170438,0.2325833118757202
10.0,80.0,0.25,400.0,2.0,0.6600194991712708,0.2327869851629799
13.0,60.0,0.25,400.0,3.0,0.6600924534980481,0.2325995955633992
13.0,70.0,0.25,400.0,2.5,0.6602026868707448,0.23271391857121212
20.0,60.0,0.4,400.0,2.0,0.6602823194570941,0.2327586460451466
16.0,60.0,0.33,400.0,2.5,0.660308162896536,0.23272892105296186
20.0,80.0,0.5,400.0,2.0,0.6603616877598671,0.23275156320561682
13.0,50.0,0.25,400.0,2.5,0.6603647442767693,0.23281854750847558
13.0,70.0,0.25,400.0,3.0,0.6603920269173619,0.23270197395688977
20.0,60.0,0.5,400.0,2.5,0.6604146021272624,0.23270331899666793
16.0,80.0,0.4,400.0,2.5,0.6604673834009519,0.2327581069471597
20.0,70.0,0.4,400.0,2.0,0.6606176297781577,0.23287334368970072
13.0,50.0,0.25,400.0,3.0,0.6606205769435488,0.2328620288471912
16.0,70.0,0.33,400.0,2.5,0.6606215638185473,0.23283368481748667
16.0,80.0,0.4,400.0,3.0,0.6607016889840716,0.2327276258247449
16.0,80.0,0.33,400.0,2.0,0.6607091587814113,0.23297486268315487
20.0,70.0,0.5,400.0,2.5,0.6607102454462516,0.2327769329718582
13.0,80.0,0.25,400.0,2.0,0.6607433387981749,0.23304219890597447
16.0,60.0,0.25,400.0,2.0,0.6607444274263322,0.23299695350046287
16.0,60.0,0.33,400.0,3.0,0.6607632266943106,0.23282563972294454
20.0,50.0,0.4,400.0,2.0,0.6607773491104718,0.23301221580579376
16.0,50.0,0.33,400.0,2.5,0.6608239390067239,0.2329901118447553
20.0,50.0,0.5,400.0,2.5,0.6609628813943939,0.23300062421565804
16.0,70.0,0.33,400.0,3.0,0.6610415561555355,0.23289605666348087
16.0,70.0,0.25,400.0,2.0,0.6610871293994222,0.23312762755517166
20.0,60.0,0.5,400.0,3.0,0.661143801859527,0.2328921690392798
16.0,50.0,0.25,400.0,2.0,0.6612226164357943,0.23323077079435994
16.0,50.0,0.33,400.0,3.0,0.6613249909401769,0.2331215491422409
13.0,80.0,0.25,400.0,2.5,0.661344084809777,0.23319857886288636
24.0,60.0,0.5,400.0,2.0,0.6613847343706022,0.23318370806060398
20.0,70.0,0.5,400.0,3.0,0.6613936420834478,0.23292114215883228
13.0,80.0,0.25,400.0,3.0,0.6615097681457008,0.23315730630021236
20.0,60.0,0.33,400.0,2.0,0.6616293825360315,0.2333383958218912
24.0,70.0,0.5,400.0,2.0,0.6617012777461999,0.23326392809997065
20.0,50.0,0.5,400.0,3.0,0.6617476251261758,0.23323310556125254
16.0,80.0,0.33,400.0,2.5,0.6617537778055551,0.23329224388269307
20.0,80.0,0.4,400.0,2.0,0.66177153962041,0.23334349320064374
20.0,80.0,0.5,400.0,2.5,0.6618374721750732,0.2332086641389534
24.0,50.0,0.5,400.0,2.0,0.6619067170916406,0.2334710962429223
20.0,70.0,0.33,400.0,2.0,0.6619561200778284,0.2334389466335905
20.0,50.0,0.33,400.0,2.0,0.6621323340656532,0.23360156684795935
16.0,80.0,0.33,400.0,3.0,0.6621488712670324,0.2333203586341867
16.0,60.0,0.25,400.0,2.5,0.6621868098480324,0.2335249887014343
20.0,60.0,0.4,400.0,2.5,0.6622022054485415,0.23346779445654392
16.0,80.0,0.25,400.0,2.0,0.6622405465835225,0.2336106831130384
20.0,80.0,0.5,400.0,3.0,0.6624869591355697,0.23330829988250834
20.0,70.0,0.4,400.0,2.5,0.6624870640929235,0.23352488806878713
16.0,70.0,0.25,400.0,2.5,0.6624907631808323,0.23361242370812474
16.0,50.0,0.25,400.0,2.5,0.6627122541355634,0.2337980261811759
20.0,50.0,0.4,400.0,2.5,0.6627598992340548,0.2337754388002478
16.0,60.0,0.25,400.0,3.0,0.6628185020527619,0.23368131973149778
24.0,80.0,0.5,400.0,2.0,0.6628448111905345,0.2336992850702094
16.0,70.0,0.25,400.0,3.0,0.6630911153403842,0.2337362820017225
20.0,80.0,0.33,400.0,2.0,0.6631014968748254,0.23389089214697487
20.0,60.0,0.4,400.0,3.0,0.6631275968586928,0.23372408729324234
24.0,60.0,0.4,400.0,2.0,0.6631579466882328,0.23393943174502543
20.0,70.0,0.4,400.0,3.0,0.6633682945327134,0.23373765363452761
16.0,50.0,0.25,400.0,3.0,0.6633891643757223,0.23398850068023092
24.0,70.0,0.4,400.0,2.0,0.6634641304404717,0.23400299117490053
20.0,60.0,0.25,400.0,2.0,0.6635511053728147,0.23414555218727606
20.0,80.0,0.4,400.0,2.5,0.6636027964486919,0.2339344621915062
16.0,80.0,0.25,400.0,2.5,0.6636149829443533,0.23404884907763837
24.0,50.0,0.4,400.0,2.0,0.6636905542888996,0.2342382962388423
20.0,50.0,0.4,400.0,3.0,0.6637377395572338,0.23407376061495838
20.0,60.0,0.33,400.0,2.5,0.6638105255148341,0.2341385069653921
20.0,70.0,0.25,400.0,2.0,0.6638695988238278,0.23422920574694855
20.0,50.0,0.25,400.0,2.0,0.6640625045501238,0.23442027172256774
24.0,60.0,0.5,400.0,2.5,0.664072495985825,0.23416496684921134
20.0,70.0,0.33,400.0,2.5,0.6640888036691313,0.23418324620542752
16.0,80.0,0.25,400.0,3.0,0.6641930962533708,0.23413976515866863
24.0,70.0,0.5,400.0,2.5,0.6643289145289052,0.23417453622716622
20.0,50.0,0.33,400.0,2.5,0.6643744907863239,0.23445393336474904
20.0,80.0,0.4,400.0,3.0,0.6644511090787518,0.23410318578376105
24.0,80.0,0.4,400.0,2.0,0.6645959928024793,0.2344158841581758
24.0,50.0,0.5,400.0,2.5,0.6646699735583683,0.2345197443066145
24.0,60.0,0.33,400.0,2.0,0.6647521598506227,0.234602570727685
20.0,60.0,0.33,400.0,3.0,0.6648748168707851,0.23443909924899278
20.0,80.0,0.25,400.0,2.0,0.6650066926863472,0.234658924030125
24.0,70.0,0.33,400.0,2.0,0.665051365095243,0.23465325938658235
20.0,70.0,0.33,400.0,3.0,0.6651115449158457,0.23444146283243925
20.0,80.0,0.33,400.0,2.5,0.6651975492865371,0.23457591836356245
24.0,50.0,0.33,400.0,2.0,0.6652919600763919,0.23491005390821296
24.0,80.0,0.5,400.0,2.5,0.665425541185096,0.23453540025203912
20.0,50.0,0.33,400.0,3.0,0.6654931555483309,0.23479712006405842
24.0,60.0,0.5,400.0,3.0,0.6654933096367533,0.2345897395234052
24.0,70.0,0.5,400.0,3.0,0.6656947325850869,0.23454526862422453
20.0,60.0,0.25,400.0,2.5,0.6660406474767624,0.2350456041140436
24.0,50.0,0.5,400.0,3.0,0.6661586016584813,0.2349977555783115
24.0,60.0,0.4,400.0,2.5,0.6661764666979112,0.2350319338006668
24.0,80.0,0.33,400.0,2.0,0.6661769050562284,0.23504948753256127
20.0,80.0,0.33,400.0,3.0,0.6661901885827158,0.23479160304651844
20.0,70.0,0.25,400.0,2.5,0.6663120701995473,0.2350754751659852
24.0,70.0,0.4,400.0,2.5,0.6664236233684615,0.23502662018523682
20.0,50.0,0.25,400.0,2.5,0.6666103396545723,0.23536976290470532
24.0,80.0,0.5,400.0,3.0,0.6667505646121058,0.23485244450066878
24.0,50.0,0.4,400.0,2.5,0.6667834131460105,0.23539609515199175
24.0,60.0,0.25,400.0,2.0,0.6669600284933741,0.23549882127772748
24.0,70.0,0.25,400.0,2.0,0.6672517156292213,0.23553388384988033
20.0,60.0,0.25,400.0,3.0,0.6672635192494378,0.23539242584894204
20.0,80.0,0.25,400.0,2.5,0.6674156032019307,0.23544842927994378
20.0,70.0,0.25,400.0,3.0,0.6674944258018619,0.2353808333469934
24.0,50.0,0.25,400.0,2.0,0.6675076329974172,0.23581656629144987
24.0,80.0,0.4,400.0,2.5,0.66751198687905,0.23536765494660766
24.0,60.0,0.4,400.0,3.0,0.6677697957197579,0.2355073147871181
20.0,50.0,0.25,400.0,3.0,0.6678877387924751,0.2357589046907377
24.0,70.0,0.4,400.0,3.0,0.6679643280810635,0.23544931748696185
24.0,60.0,0.33,400.0,2.5,0.6680169747723079,0.23577156584458103
24.0,70.0,0.33,400.0,2.5,0.668259390180607,0.2357555597945142
24.0,80.0,0.25,400.0,2.0,0.6683722676324622,0.2359103524435517
24.0,50.0,0.4,400.0,3.0,0.668444124649528,0.23592441683647525
20.0,80.0,0.25,400.0,3.0,0.668572168987314,0.23571366334506966
24.0,50.0,0.33,400.0,2.5,0.6686286757631299,0.23614188358174806
24.0,80.0,0.4,400.0,3.0,0.6690156808019323,0.23573866547238437
24.0,80.0,0.33,400.0,2.5,0.6693436481038239,0.2360819429582574
24.0,60.0,0.33,400.0,3.0,0.6697348125198337,0.23628005298105453
24.0,70.0,0.33,400.0,3.0,0.6699254050318487,0.2362119883019966
24.0,50.0,0.33,400.0,3.0,0.6704150508333647,0.23670349728480594
24.0,60.0,0.25,400.0,2.5,0.6705140534254813,0.23674968473714514
24.0,70.0,0.25,400.0,2.5,0.6707535158700683,0.23672188570891423
24.0,80.0,0.33,400.0,3.0,0.6709768831950219,0.23648873967036532
24.0,50.0,0.25,400.0,2.5,0.6711303604964838,0.23712712912821224
24.0,80.0,0.25,400.0,2.5,0.671834017071472,0.23703065908172577
24.0,60.0,0.25,400.0,3.0,0.6723769484266383,0.2372926231626439
24.0,70.0,0.25,400.0,3.0,0.672565622504249,0.23721384129055195
24.0,50.0,0.25,400.0,3.0,0.6730615149584186,0.23772272223467136
24.0,80.0,0.25,400.0,3.0,0.6736155653082945,0.23747442376870195
